Age,Gender,TotalPageViews,TimeOnSite,PreviousPurchases,FavoriteCategory,WillBuy
55,Female,16,253,3,Home,0
19,Female,22,163,0,Home,0
19,Female,2,251,4,Fashion,0
55,Female,6,437,4,Books,0
46,Female,16,233,1,Books,0
37,Female,6,81,1,Beauty,0
45,Female,2,127,1,Fashion,0
56,Female,25,322,5,Books,0
31,Male,4,444,2,Electronics,0
37,Female,9,308,5,Electronics,0
34,Male,12,317,3,Electronics,0
18,Female,18,368,4,Beauty,0
62,Female,17,385,3,Books,0
50,Female,16,495,2,Books,1
59,Male,12,235,2,Books,0
44,Female,16,460,1,Home,0
38,Male,22,502,1,Beauty,1
50,Female,22,413,2,Electronics,0
23,Male,2,249,0,Books,0
31,Male,16,193,1,Electronics,0
33,Female,18,517,3,Home,1
64,Female,19,88,3,Home,0
19,Female,15,462,5,Home,1
31,Female,28,179,3,Home,0
44,Female,11,375,1,Fashion,0
39,Female,28,224,5,Home,0
52,Male,18,446,4,Beauty,1
21,Female,27,482,4,Home,1
62,Female,23,303,3,Beauty,0
48,Male,11,125,2,Books,0
55,Female,8,464,1,Home,0
45,Male,8,302,1,Fashion,0
52,Male,5,428,2,Fashion,0
42,Female,27,379,5,Fashion,0
46,Male,25,404,5,Fashion,0
45,Male,11,147,4,Electronics,0
39,Male,28,134,5,Books,0
40,Female,14,100,2,Beauty,0
23,Female,7,283,1,Fashion,0
33,Female,30,366,2,Home,0
25,Male,3,227,4,Books,0
55,Male,10,374,3,Home,0
54,Female,8,377,4,Books,0
54,Male,28,418,0,Beauty,0
43,Male,27,76,5,Home,0
61,Male,17,135,2,Fashion,0
21,Male,24,175,4,Beauty,0
45,Female,19,462,2,Books,1
58,Female,11,108,1,Beauty,0
19,Male,13,308,1,Beauty,0
55,Male,12,275,2,Books,0
27,Female,29,69,3,Home,0
57,Male,6,541,0,Home,1
62,Male,25,360,3,Beauty,0
34,Female,18,169,1,Beauty,0
23,Male,10,198,5,Books,0
37,Male,27,118,1,Fashion,0
28,Female,8,136,2,Beauty,0
63,Female,1,468,5,Fashion,1
34,Male,24,566,1,Home,1
53,Male,19,362,1,Beauty,0
59,Female,7,123,5,Electronics,0
50,Female,11,517,4,Electronics,1
26,Male,17,148,3,Beauty,0
63,Female,20,406,0,Fashion,0
52,Male,9,270,2,Fashion,0
41,Male,11,165,2,Electronics,0
25,Female,13,559,3,Fashion,1
26,Female,27,539,4,Fashion,1
63,Female,18,304,3,Home,0
34,Female,14,577,0,Books,1
30,Male,22,227,1,Electronics,0
20,Male,4,458,3,Books,0
53,Female,4,83,2,Fashion,0
55,Male,26,563,1,Home,1
65,Female,26,417,4,Electronics,0
40,Female,23,484,4,Home,1
35,Male,14,510,4,Home,1
37,Male,14,287,0,Electronics,0
50,Female,6,216,5,Electronics,0
47,Female,26,427,4,Beauty,1
48,Male,20,295,0,Beauty,0
56,Male,29,161,4,Home,0
29,Female,25,125,2,Fashion,0
23,Female,14,483,0,Beauty,1
46,Male,13,147,4,Beauty,0
21,Female,1,138,2,Home,0
43,Female,22,278,1,Fashion,0
45,Female,14,529,3,Electronics,1
31,Female,7,533,4,Beauty,1
27,Male,24,517,1,Home,1
35,Male,17,111,5,Home,0
64,Male,2,90,5,Home,0
46,Male,25,261,3,Beauty,0
52,Male,23,326,0,Electronics,0
27,Female,25,299,1,Home,0
41,Male,14,439,3,Books,0
18,Male,25,483,3,Books,1
29,Male,16,277,3,Beauty,0
37,Female,6,79,1,Books,0
46,Male,23,198,4,Books,0
64,Female,28,342,2,Beauty,0
49,Female,12,354,1,Home,0
46,Male,27,403,1,Home,0
28,Male,14,431,4,Fashion,0
52,Female,25,282,1,Electronics,0
40,Female,21,597,4,Home,1
32,Female,18,257,2,Electronics,0
31,Male,5,103,3,Fashion,0
48,Male,5,488,1,Electronics,1
21,Female,26,132,3,Beauty,0
20,Male,17,191,3,Fashion,0
40,Male,22,484,5,Books,1
22,Female,6,245,5,Beauty,0
20,Male,6,112,1,Electronics,0
55,Female,2,258,3,Home,0
20,Female,28,305,1,Fashion,0
57,Male,11,466,3,Fashion,1
49,Female,30,448,3,Books,1
23,Female,10,393,5,Home,0
29,Female,1,277,2,Electronics,0
55,Female,2,482,0,Beauty,0
52,Female,2,243,2,Beauty,0
44,Female,12,171,5,Home,0
63,Male,4,340,2,Beauty,0
32,Male,17,488,3,Electronics,1
57,Male,24,214,1,Electronics,0
59,Male,24,492,0,Home,1
24,Female,9,308,0,Fashion,0
35,Male,11,225,1,Home,0
63,Female,29,135,4,Fashion,0
59,Female,11,462,5,Home,1
28,Male,21,373,4,Beauty,0
23,Female,23,427,2,Beauty,0
44,Male,11,275,1,Beauty,0
59,Male,3,422,1,Electronics,0
37,Male,6,133,4,Electronics,0
18,Male,3,445,5,Home,0
33,Female,24,571,4,Books,1
56,Female,18,116,5,Electronics,0
40,Male,7,426,1,Electronics,0
28,Female,26,166,5,Home,0
59,Female,15,326,1,Home,0
32,Male,11,314,4,Electronics,0
36,Male,14,502,3,Home,1
60,Male,6,188,4,Home,0
41,Male,30,296,2,Books,0
40,Male,24,532,0,Home,1
51,Female,15,66,5,Fashion,0
58,Female,24,199,4,Electronics,0
51,Male,15,567,1,Beauty,1
46,Male,21,203,2,Books,0
54,Male,12,579,0,Fashion,1
45,Male,25,82,2,Home,0
51,Female,22,590,2,Fashion,1
39,Female,27,357,1,Beauty,0
51,Male,2,302,0,Home,0
30,Male,20,284,1,Electronics,0
49,Female,30,545,5,Beauty,1
32,Female,26,285,3,Electronics,0
42,Male,7,206,0,Home,0
55,Male,25,436,5,Books,1
59,Male,24,95,3,Books,0
47,Female,13,383,2,Fashion,0
21,Male,16,145,1,Books,0
24,Male,14,314,4,Electronics,0
62,Male,22,125,0,Beauty,0
35,Male,3,299,2,Books,0
30,Male,11,385,4,Books,0
37,Male,4,238,2,Books,0
22,Female,20,251,1,Beauty,0
58,Female,22,368,0,Fashion,0
37,Female,28,545,1,Beauty,1
20,Male,12,277,5,Books,0
61,Female,14,426,2,Books,0
39,Male,3,125,2,Electronics,0
29,Male,27,273,0,Home,0
42,Female,14,257,0,Beauty,0
34,Male,21,571,2,Fashion,1
31,Female,16,597,0,Books,1
46,Male,21,212,0,Fashion,0
60,Male,1,377,1,Beauty,0
65,Female,2,400,2,Fashion,0
18,Female,2,481,1,Beauty,0
48,Female,23,255,0,Home,0
65,Female,19,569,4,Fashion,1
60,Female,9,169,4,Fashion,0
23,Male,26,110,3,Electronics,0
28,Female,10,154,1,Books,0
50,Male,23,354,5,Fashion,0
36,Male,4,90,1,Home,0
57,Female,7,498,5,Electronics,1
34,Female,26,107,2,Beauty,0
40,Female,7,65,5,Fashion,0
45,Male,27,558,4,Fashion,1
19,Female,9,247,1,Home,0
42,Female,10,464,3,Beauty,1
22,Male,7,346,2,Beauty,0
49,Male,26,75,5,Home,0
54,Male,12,317,4,Fashion,0
20,Male,21,349,1,Beauty,0
24,Male,18,588,0,Books,1
42,Female,9,494,2,Books,1
50,Female,4,246,1,Books,0
32,Female,28,574,4,Books,1
42,Male,4,149,0,Books,0
40,Female,13,428,2,Books,0
61,Female,8,545,2,Books,1
58,Female,28,323,1,Beauty,0
48,Male,27,514,2,Electronics,1
53,Female,24,599,5,Home,1
39,Female,1,336,0,Beauty,0
26,Male,3,442,0,Fashion,0
49,Female,25,558,4,Fashion,1
19,Male,22,406,2,Fashion,0
59,Male,20,83,2,Fashion,0
28,Female,5,156,0,Books,0
59,Male,30,524,5,Beauty,1
64,Female,4,534,0,Fashion,1
37,Female,29,79,5,Electronics,0
54,Female,24,298,1,Books,0
41,Male,18,552,1,Books,1
40,Female,11,190,1,Books,0
59,Male,29,245,4,Fashion,0
26,Female,22,457,0,Electronics,1
32,Male,9,505,3,Home,1
38,Female,5,381,3,Books,0
38,Female,16,376,3,Books,0
62,Male,6,322,2,Books,0
62,Male,26,549,0,Fashion,1
54,Female,20,195,4,Home,0
58,Male,21,439,3,Electronics,1
59,Female,9,142,3,Electronics,0
31,Male,8,115,5,Home,0
31,Male,17,408,2,Beauty,0
22,Male,2,98,3,Electronics,0
26,Male,11,372,1,Fashion,0
41,Male,6,283,5,Books,0
25,Female,20,315,5,Electronics,0
38,Female,10,553,3,Books,1
37,Male,19,158,1,Electronics,0
52,Female,15,406,5,Electronics,0
18,Male,23,69,0,Home,0
64,Male,19,314,1,Home,0
48,Male,8,478,1,Books,1
30,Female,3,340,4,Books,0
52,Male,13,566,5,Books,1
50,Male,7,594,4,Home,1
47,Female,12,75,0,Beauty,0
31,Male,30,543,0,Beauty,1
64,Male,27,362,1,Beauty,0
65,Male,8,531,1,Books,1
27,Male,20,512,1,Home,1
41,Female,14,513,3,Books,1
27,Male,19,219,3,Beauty,0
26,Male,9,534,0,Beauty,1
60,Male,27,370,0,Fashion,0
40,Female,12,484,5,Fashion,1
49,Female,3,121,2,Beauty,0
38,Male,13,205,1,Books,0
44,Female,12,227,5,Fashion,0
44,Male,20,296,1,Home,0
55,Male,2,226,4,Home,0
52,Female,3,148,0,Fashion,0
58,Female,12,215,5,Books,0
57,Male,19,183,3,Electronics,0
59,Male,25,284,5,Home,0
18,Male,4,251,0,Home,0
29,Female,8,425,2,Home,0
45,Male,9,527,4,Beauty,1
39,Male,19,576,3,Fashion,1
40,Male,8,510,4,Fashion,1
34,Female,5,108,4,Beauty,0
27,Male,4,508,4,Books,1
22,Female,25,352,5,Fashion,0
21,Female,6,69,0,Electronics,0
36,Male,21,505,1,Home,1
46,Male,3,453,4,Books,0
18,Male,11,475,2,Fashion,1
23,Male,9,260,3,Home,0
46,Male,2,221,4,Home,0
41,Female,8,66,1,Books,0
47,Female,17,163,1,Electronics,0
25,Male,26,397,0,Home,0
28,Male,25,75,2,Fashion,0
58,Male,4,600,0,Fashion,1
58,Female,21,445,0,Electronics,0
36,Female,24,194,2,Books,0
38,Female,11,324,4,Books,0
40,Male,12,366,5,Electronics,0
19,Male,27,448,2,Electronics,1
60,Male,22,516,1,Fashion,1
49,Male,29,260,2,Books,0
21,Female,14,229,5,Fashion,0
23,Male,29,448,2,Home,1
33,Female,1,104,5,Books,0
18,Female,26,419,1,Beauty,0
34,Female,18,523,0,Home,1
36,Male,26,399,3,Electronics,0
40,Male,18,511,3,Fashion,1
26,Male,5,475,5,Beauty,1
52,Female,6,221,2,Home,0
29,Male,14,143,5,Books,0
30,Male,1,522,5,Home,1
49,Male,13,420,0,Electronics,0
30,Female,1,173,2,Fashion,0
53,Male,12,540,5,Home,1
39,Female,12,500,0,Books,1
23,Male,18,78,1,Electronics,0
18,Male,26,273,0,Electronics,0
59,Male,27,179,1,Beauty,0
45,Female,8,129,0,Electronics,0
42,Female,27,269,0,Books,0
33,Male,26,422,1,Books,0
35,Female,15,419,0,Beauty,0
26,Female,21,346,0,Fashion,0
52,Female,14,330,4,Home,0
48,Female,8,495,5,Books,1
30,Male,2,136,4,Home,0
57,Male,11,546,3,Home,1
19,Male,16,395,5,Books,0
56,Male,22,123,4,Beauty,0
62,Female,15,594,1,Beauty,1
23,Male,13,433,5,Books,0
29,Female,13,199,1,Home,0
23,Female,7,131,4,Home,0
24,Male,5,266,5,Home,0
63,Male,16,449,0,Fashion,0
36,Male,29,446,5,Books,1
39,Female,21,436,1,Home,0
52,Male,27,456,2,Fashion,1
25,Male,26,447,4,Books,1
33,Female,5,508,1,Books,1
47,Male,19,453,0,Electronics,0
29,Female,17,573,2,Fashion,1
47,Female,23,558,0,Electronics,1
20,Male,10,161,0,Home,0
34,Female,1,267,2,Fashion,0
46,Female,13,338,4,Books,0
38,Female,9,76,2,Electronics,0
34,Female,11,71,4,Fashion,0
30,Male,20,551,2,Home,1
50,Female,12,523,3,Beauty,1
34,Male,5,91,3,Books,0
21,Male,4,470,4,Electronics,1
43,Female,2,235,0,Electronics,0
33,Male,17,554,0,Home,1
29,Male,1,365,2,Fashion,0
48,Male,8,251,4,Electronics,0
49,Male,2,211,1,Fashion,0
54,Male,9,124,2,Books,0
41,Male,28,553,0,Beauty,1
25,Male,13,350,1,Home,0
53,Female,7,565,4,Fashion,1
39,Female,30,75,4,Fashion,0
49,Female,22,566,1,Fashion,1
36,Male,11,187,0,Electronics,0
36,Female,6,587,1,Books,1
54,Male,28,131,1,Fashion,0
19,Female,26,211,5,Books,0
47,Female,4,418,0,Beauty,0
57,Female,8,585,3,Electronics,1
48,Male,3,486,2,Electronics,1
60,Male,6,385,1,Home,0
65,Male,4,157,2,Home,0
32,Male,2,524,4,Beauty,1
20,Male,16,440,3,Fashion,0
23,Female,5,472,2,Fashion,0
60,Male,18,423,1,Home,0
18,Female,24,271,5,Beauty,0
62,Female,3,145,5,Fashion,0
28,Male,21,436,3,Home,1
34,Male,18,333,5,Home,0
60,Male,9,563,2,Books,1
35,Male,11,67,2,Fashion,0
38,Female,7,386,5,Home,0
36,Male,23,492,0,Beauty,1
45,Female,12,358,2,Beauty,0
47,Male,30,554,3,Home,1
26,Male,16,200,5,Books,0
47,Female,26,383,5,Home,0
37,Female,9,166,1,Books,0
31,Female,11,544,3,Beauty,1
47,Female,14,332,2,Fashion,0
30,Female,7,295,0,Home,0
58,Male,15,436,1,Home,0
56,Male,24,419,0,Books,0
33,Female,30,371,1,Fashion,0
62,Male,15,87,4,Books,0
23,Female,15,291,2,Beauty,0
36,Male,4,277,0,Home,0
31,Male,21,69,3,Fashion,0
28,Female,4,560,4,Beauty,1
21,Male,22,481,4,Fashion,1
55,Female,28,394,0,Home,0
48,Female,15,99,3,Home,0
41,Female,9,293,2,Home,0
38,Male,4,403,0,Home,0
48,Male,29,371,1,Beauty,0
56,Female,5,156,3,Electronics,0
25,Female,3,476,3,Fashion,1
29,Male,28,365,3,Home,0
49,Female,8,523,1,Fashion,1
39,Female,4,378,4,Books,0
39,Male,7,552,0,Home,1
45,Female,4,269,0,Home,0
26,Female,30,164,0,Home,0
57,Female,12,395,3,Home,0
51,Male,9,505,1,Beauty,1
25,Female,11,537,3,Electronics,1
40,Female,9,416,1,Beauty,0
45,Female,12,274,3,Books,0
57,Male,8,304,3,Electronics,0
23,Male,12,235,5,Home,0
54,Female,28,382,3,Electronics,0
52,Male,23,329,3,Beauty,0
41,Female,15,253,0,Fashion,0
60,Male,1,69,4,Books,0
48,Female,18,211,3,Electronics,0
54,Female,21,445,4,Fashion,1
25,Female,9,579,0,Fashion,1
25,Male,3,391,0,Fashion,0
54,Female,25,358,5,Fashion,0
45,Male,3,428,0,Fashion,0
49,Female,18,519,0,Beauty,1
48,Male,27,329,4,Fashion,0
58,Male,14,193,4,Electronics,0
53,Female,6,401,0,Books,0
37,Male,24,527,4,Electronics,1
22,Female,16,573,2,Electronics,1
53,Female,21,312,4,Electronics,0
63,Female,21,355,0,Beauty,0
25,Male,12,293,0,Fashion,0
65,Male,13,584,2,Electronics,1
48,Female,1,185,5,Electronics,0
20,Female,12,295,5,Beauty,0
20,Female,20,350,4,Home,0
33,Female,11,129,5,Electronics,0
40,Female,4,494,4,Electronics,1
59,Female,19,310,0,Beauty,0
42,Female,4,208,2,Electronics,0
65,Male,4,479,5,Home,1
42,Male,27,576,0,Books,1
27,Male,16,386,1,Fashion,0
60,Female,14,360,1,Beauty,0
26,Male,22,437,3,Electronics,1
55,Male,23,418,0,Home,0
22,Female,5,580,0,Fashion,1
36,Female,20,374,5,Electronics,0
43,Female,1,487,2,Electronics,1
24,Male,27,325,2,Electronics,0
61,Female,12,501,5,Books,1
36,Female,15,125,3,Electronics,0
48,Male,22,158,3,Electronics,0
62,Female,25,104,2,Electronics,0
63,Female,13,579,3,Books,1
27,Female,18,150,4,Home,0
31,Female,13,293,1,Beauty,0
21,Male,25,184,5,Home,0
29,Male,8,313,4,Electronics,0
60,Male,3,184,2,Books,0
33,Male,12,372,2,Home,0
40,Male,27,430,0,Electronics,0
22,Male,27,182,5,Beauty,0
19,Male,4,114,4,Beauty,0
37,Female,28,210,1,Electronics,0
27,Male,19,345,0,Books,0
60,Female,24,295,0,Electronics,0
61,Female,4,428,4,Electronics,0
43,Female,7,191,1,Home,0
60,Male,28,318,5,Books,0
37,Male,10,594,1,Beauty,1
55,Male,23,304,0,Home,0
29,Female,17,178,3,Fashion,0
20,Male,20,115,0,Home,0
64,Male,15,216,1,Books,0
34,Male,30,156,4,Books,0
28,Female,21,423,5,Fashion,1
30,Female,25,559,2,Fashion,1
42,Male,10,274,1,Fashion,0
46,Male,9,146,0,Books,0
23,Male,11,87,2,Books,0
42,Male,22,469,4,Home,1
23,Female,17,146,3,Home,0
49,Female,10,219,4,Home,0
35,Female,11,405,4,Home,0
59,Male,13,164,0,Home,0
53,Female,22,435,3,Books,1
53,Female,5,66,3,Home,0
26,Male,23,192,1,Fashion,0
52,Male,12,160,2,Home,0
41,Female,7,480,3,Electronics,1
59,Male,2,80,0,Electronics,0
58,Male,19,565,3,Fashion,1
44,Male,3,105,1,Electronics,0
34,Male,25,171,3,Beauty,0
27,Male,19,524,3,Fashion,1
60,Male,21,123,0,Beauty,0
43,Female,12,130,3,Home,0
24,Female,18,486,0,Beauty,1
45,Male,26,356,1,Home,0
24,Female,14,571,2,Books,1
24,Female,17,566,2,Books,1
32,Female,22,144,3,Home,0
45,Male,30,442,5,Home,1
54,Male,18,69,0,Beauty,0
55,Male,10,230,1,Home,0
29,Female,12,136,5,Beauty,0
65,Male,16,210,0,Books,0
56,Male,7,239,1,Beauty,0
28,Female,1,469,1,Electronics,0
24,Female,29,285,2,Home,0
27,Male,29,470,4,Home,1
20,Male,4,108,3,Home,0
18,Male,7,237,0,Beauty,0
28,Female,15,160,0,Home,0
47,Male,24,508,0,Electronics,1
20,Male,22,368,1,Home,0
43,Male,12,599,0,Home,1
34,Male,28,368,0,Beauty,0
53,Female,9,267,2,Fashion,0
48,Female,17,188,0,Electronics,0
59,Male,6,270,1,Fashion,0
18,Male,29,431,3,Electronics,1
18,Male,21,592,3,Electronics,1
28,Female,5,198,2,Beauty,0
31,Male,10,511,2,Home,1
51,Female,22,574,5,Home,1
54,Female,12,487,3,Books,1
54,Male,19,513,1,Beauty,1
40,Female,21,293,0,Home,0
56,Female,14,130,3,Electronics,0
58,Male,15,566,2,Books,1
25,Female,27,510,3,Electronics,1
42,Female,15,182,3,Beauty,0
19,Female,28,477,1,Fashion,1
32,Female,26,264,5,Home,0
36,Female,13,277,0,Books,0
55,Female,12,487,2,Fashion,1
25,Male,14,353,1,Home,0
20,Male,30,505,5,Beauty,1
37,Female,5,476,4,Home,1
39,Female,24,211,2,Home,0
20,Male,12,548,2,Books,1
47,Male,2,585,4,Beauty,1
43,Male,2,183,1,Books,0
33,Male,28,489,3,Electronics,1
58,Male,12,416,5,Beauty,0
59,Male,1,276,5,Books,0
56,Female,24,413,3,Books,0
61,Male,24,445,2,Fashion,1
60,Female,20,596,5,Home,1
49,Female,24,257,4,Electronics,0
55,Female,1,585,2,Home,1
49,Female,29,210,1,Home,0
31,Male,21,344,5,Electronics,0
21,Male,11,293,5,Electronics,0
30,Female,8,388,2,Home,0
30,Male,11,445,2,Fashion,0
36,Female,9,497,5,Electronics,1
26,Female,30,151,5,Home,0
59,Male,10,451,2,Electronics,0
56,Male,28,79,5,Home,0
39,Male,28,505,0,Home,1
37,Male,2,69,3,Home,0
57,Female,6,579,1,Electronics,1
62,Male,25,429,3,Electronics,1
41,Male,24,407,3,Fashion,0
23,Male,8,79,2,Books,0
51,Female,28,395,2,Fashion,0
63,Female,25,390,1,Books,0
23,Male,6,296,2,Electronics,0
60,Female,30,139,3,Books,0
40,Female,23,138,4,Beauty,0
34,Male,9,155,0,Fashion,0
45,Male,17,258,1,Electronics,0
54,Female,27,175,3,Beauty,0
42,Male,5,398,1,Home,0
20,Female,10,459,3,Books,1
21,Female,19,497,1,Beauty,1
59,Female,22,337,2,Electronics,0
50,Female,12,570,2,Books,1
33,Male,19,549,4,Beauty,1
31,Male,12,184,0,Electronics,0
46,Male,8,406,0,Electronics,0
27,Female,30,342,4,Home,0
64,Female,24,385,1,Books,0
52,Female,28,415,4,Fashion,1
36,Female,24,564,1,Fashion,1
36,Female,3,220,3,Fashion,0
23,Male,14,342,4,Electronics,0
38,Female,30,469,4,Home,1
63,Female,18,505,0,Electronics,1
24,Male,23,251,4,Books,0
59,Female,29,485,5,Home,1
58,Female,30,512,5,Books,1
54,Female,17,526,1,Beauty,1
42,Male,15,313,2,Books,0
42,Male,22,322,3,Books,0
57,Female,5,410,2,Electronics,0
30,Male,10,185,4,Fashion,0
42,Female,28,91,1,Books,0
48,Male,7,194,4,Home,0
19,Female,23,311,2,Fashion,0
19,Female,23,122,4,Beauty,0
42,Female,15,155,3,Books,0
26,Male,7,150,3,Beauty,0
35,Male,6,385,0,Electronics,0
40,Male,17,420,1,Books,0
60,Female,1,590,1,Beauty,1
32,Female,2,421,1,Books,0
60,Female,15,224,5,Beauty,0
55,Female,12,561,5,Books,1
65,Male,18,584,3,Books,1
42,Female,4,557,3,Fashion,1
44,Male,17,66,4,Books,0
47,Male,22,312,1,Beauty,0
49,Male,8,527,2,Electronics,1
49,Male,5,382,4,Electronics,0
34,Male,17,567,0,Beauty,1
41,Female,11,295,2,Electronics,0
54,Male,24,243,0,Fashion,0
26,Female,22,436,1,Fashion,0
64,Male,17,178,4,Beauty,0
38,Female,29,297,2,Beauty,0
25,Female,27,325,3,Beauty,0
23,Female,24,286,0,Electronics,0
44,Female,29,561,1,Electronics,1
31,Female,8,285,4,Books,0
26,Female,2,343,2,Fashion,0
59,Male,22,537,5,Fashion,1
43,Female,15,381,5,Beauty,0
46,Male,1,570,3,Books,1
39,Female,16,153,4,Home,0
43,Male,20,273,2,Electronics,0
41,Female,2,571,2,Electronics,1
52,Male,6,256,5,Beauty,0
51,Male,2,112,2,Books,0
26,Female,20,527,2,Beauty,1
37,Female,18,514,3,Fashion,1
60,Male,16,110,3,Fashion,0
61,Female,13,172,4,Books,0
47,Female,16,578,2,Fashion,1
43,Female,17,520,0,Home,1
51,Female,20,321,2,Electronics,0
38,Male,7,344,1,Home,0
20,Male,26,282,2,Electronics,0
33,Male,28,386,2,Books,0
33,Male,15,361,2,Home,0
47,Male,21,177,3,Fashion,0
49,Male,18,99,0,Beauty,0
64,Male,18,496,2,Electronics,1
33,Male,9,169,0,Electronics,0
51,Female,30,123,4,Home,0
40,Male,30,507,1,Books,1
44,Male,15,537,5,Electronics,1
29,Male,22,341,5,Home,0
35,Male,25,349,2,Home,0
56,Female,13,115,1,Electronics,0
40,Male,26,549,5,Fashion,1
19,Male,10,474,1,Home,1
28,Female,4,294,5,Home,0
30,Female,27,63,5,Beauty,0
20,Female,17,284,1,Books,0
27,Female,17,600,2,Books,1
52,Male,17,534,0,Books,1
35,Female,24,586,3,Electronics,1
18,Female,10,128,4,Books,0
41,Female,17,504,2,Beauty,1
55,Female,17,300,0,Home,0
36,Female,6,80,4,Beauty,0
23,Male,1,114,3,Fashion,0
41,Male,21,410,5,Electronics,0
48,Male,1,523,5,Electronics,1
34,Male,4,136,5,Fashion,0
62,Female,18,294,2,Fashion,0
60,Female,6,150,4,Electronics,0
57,Female,15,187,3,Beauty,0
57,Male,5,262,5,Electronics,0
33,Male,6,518,3,Home,1
40,Male,12,92,5,Books,0
49,Female,25,544,1,Beauty,1
59,Male,23,358,5,Fashion,0
40,Female,16,323,5,Home,0
44,Female,18,105,4,Beauty,0
59,Female,3,588,3,Electronics,1
41,Female,9,349,0,Beauty,0
26,Female,2,451,4,Electronics,0
48,Female,8,60,4,Beauty,0
20,Male,29,454,3,Home,1
20,Male,17,403,4,Books,0
63,Female,8,450,1,Books,0
33,Female,1,65,2,Beauty,0
42,Female,30,81,5,Books,0
32,Male,21,466,4,Electronics,1
43,Female,1,134,0,Books,0
60,Male,8,232,1,Fashion,0
30,Female,12,546,4,Beauty,1
24,Female,7,187,1,Books,0
47,Female,13,168,3,Fashion,0
38,Female,2,274,4,Beauty,0
42,Female,23,440,5,Fashion,1
22,Male,20,124,3,Electronics,0
37,Female,23,431,3,Beauty,0
59,Male,3,516,4,Beauty,1
23,Male,6,280,1,Home,0
49,Female,25,423,3,Home,0
65,Male,7,280,1,Fashion,0
48,Female,24,287,4,Books,0
58,Male,18,88,5,Electronics,0
52,Female,26,445,3,Beauty,1
38,Female,26,183,1,Home,0
53,Male,25,345,2,Home,0
60,Female,15,301,3,Fashion,0
40,Male,9,573,3,Home,1
31,Female,14,121,2,Home,0
46,Male,26,528,0,Home,1
45,Male,30,561,1,Beauty,1
44,Female,18,64,0,Electronics,0
39,Male,3,588,0,Home,1
45,Male,27,245,2,Home,0
42,Female,16,187,2,Books,0
56,Female,12,262,1,Electronics,0
60,Male,15,544,1,Electronics,1
63,Male,12,153,5,Electronics,0
62,Male,13,133,3,Electronics,0
52,Female,4,399,4,Electronics,0
42,Male,11,503,0,Books,1
20,Female,28,515,2,Electronics,1
28,Female,22,363,2,Beauty,0
63,Male,3,221,5,Fashion,0
50,Male,11,492,0,Books,1
45,Female,16,137,2,Books,0
47,Female,9,473,0,Electronics,0
27,Male,29,464,5,Home,1
51,Male,2,180,3,Beauty,0
51,Female,17,257,0,Fashion,0
22,Male,2,220,5,Beauty,0
35,Male,29,99,3,Electronics,0
39,Female,5,425,5,Fashion,0
34,Female,25,265,3,Books,0
18,Male,7,460,5,Fashion,1
24,Male,4,149,5,Home,0
39,Male,4,474,1,Fashion,0
37,Male,29,273,1,Books,0
25,Female,4,240,2,Electronics,0
53,Female,14,276,2,Books,0
53,Male,15,137,0,Home,0
24,Female,19,315,3,Electronics,0
55,Male,21,206,5,Beauty,0
39,Male,16,370,2,Home,0
46,Female,28,463,2,Books,1
38,Female,2,90,3,Beauty,0
47,Female,18,590,3,Books,1
32,Male,4,501,0,Books,1
30,Male,22,540,0,Beauty,1
60,Male,14,396,4,Books,0
50,Female,13,438,4,Books,0
27,Male,10,173,3,Electronics,0
59,Male,21,576,4,Books,1
42,Male,16,439,5,Books,1
38,Female,2,515,3,Books,1
62,Female,25,372,0,Beauty,0
40,Male,14,299,1,Fashion,0
36,Male,2,374,4,Electronics,0
30,Male,23,184,2,Home,0
57,Female,27,227,4,Electronics,0
24,Female,14,599,4,Electronics,1
49,Male,21,591,0,Books,1
27,Female,4,568,1,Electronics,1
37,Male,10,441,4,Beauty,0
31,Female,24,424,5,Beauty,1
39,Male,10,94,4,Beauty,0
55,Male,24,329,2,Home,0
25,Male,1,463,0,Home,0
54,Female,20,116,4,Home,0
60,Female,14,105,4,Fashion,0
21,Female,21,211,4,Fashion,0
25,Female,23,456,0,Electronics,1
24,Male,4,249,2,Home,0
36,Male,15,336,1,Books,0
51,Female,11,140,5,Books,0
19,Female,11,598,4,Fashion,1
64,Male,30,195,0,Home,0
37,Female,7,245,2,Books,0
29,Male,24,127,1,Electronics,0
36,Female,2,381,1,Electronics,0
52,Male,6,397,4,Beauty,0
39,Female,24,87,1,Home,0
30,Male,7,556,4,Books,1
33,Female,17,369,5,Home,0
23,Female,9,452,3,Fashion,0
45,Female,16,174,4,Books,0
21,Female,28,308,2,Beauty,0
24,Female,24,339,1,Books,0
24,Male,13,344,4,Electronics,0
38,Male,12,556,5,Fashion,1
18,Female,10,332,1,Home,0
43,Male,30,477,2,Home,1
64,Female,25,234,4,Books,0
55,Male,18,297,2,Beauty,0
26,Female,25,267,5,Home,0
65,Male,14,412,5,Home,0
29,Male,9,564,5,Fashion,1
31,Female,13,588,4,Fashion,1
55,Male,30,558,4,Fashion,1
63,Male,24,441,0,Home,0
57,Male,16,549,3,Books,1
41,Female,15,531,5,Beauty,1
51,Female,2,388,0,Fashion,0
61,Female,28,116,3,Electronics,0
22,Female,25,278,2,Beauty,0
38,Male,26,170,2,Books,0
27,Male,5,444,4,Electronics,0
63,Female,11,556,1,Electronics,1
32,Male,11,508,5,Home,1
35,Female,20,325,4,Electronics,0
45,Female,2,449,4,Fashion,0
52,Female,1,285,2,Electronics,0
22,Male,7,66,3,Electronics,0
57,Male,8,258,5,Beauty,0
57,Male,23,135,4,Home,0
26,Male,8,394,0,Beauty,0
33,Female,8,197,3,Electronics,0
20,Male,17,386,3,Electronics,0
24,Female,7,214,3,Electronics,0
55,Male,23,379,5,Fashion,0
51,Male,20,149,4,Books,0
52,Female,12,365,3,Beauty,0
20,Female,6,159,3,Beauty,0
18,Male,7,430,0,Books,0
64,Female,13,590,4,Books,1
62,Male,30,333,2,Beauty,0
22,Female,15,565,4,Fashion,1
52,Male,17,446,5,Electronics,1
28,Male,27,536,0,Fashion,1
44,Female,12,380,3,Electronics,0
32,Female,30,354,3,Home,0
58,Female,4,274,1,Beauty,0
62,Female,4,488,5,Fashion,1
30,Male,23,103,1,Electronics,0
62,Male,20,98,5,Electronics,0
44,Female,22,476,4,Home,1
51,Male,15,539,0,Electronics,1
28,Male,11,395,3,Fashion,0
60,Male,6,379,5,Fashion,0
35,Male,6,89,2,Home,0
19,Male,19,425,0,Electronics,0
52,Female,4,229,5,Beauty,0
55,Male,25,467,5,Electronics,1
31,Male,18,136,4,Electronics,0
48,Male,21,408,1,Beauty,0
37,Male,23,385,5,Electronics,0
32,Female,26,405,0,Fashion,0
46,Female,23,84,3,Beauty,0
30,Male,11,595,2,Beauty,1
37,Female,20,175,1,Fashion,0
37,Female,24,303,5,Fashion,0
37,Female,24,383,1,Electronics,0
20,Male,20,414,3,Home,0
49,Male,9,205,5,Home,0
36,Female,17,454,0,Electronics,0
25,Male,21,464,3,Home,1
60,Female,8,547,0,Home,1
58,Male,11,516,2,Home,1
42,Male,3,460,3,Beauty,0
50,Male,17,184,5,Books,0
58,Female,16,348,1,Beauty,0
55,Female,4,315,3,Books,0
25,Female,3,348,3,Electronics,0
61,Female,18,225,5,Books,0
47,Male,19,224,2,Fashion,0
56,Male,26,79,2,Home,0
44,Male,12,520,3,Books,1
47,Female,28,544,1,Books,1
42,Female,10,92,4,Home,0
43,Male,18,357,5,Books,0
18,Male,16,586,4,Electronics,1
60,Female,10,483,2,Fashion,1
33,Male,5,133,1,Books,0
42,Female,12,128,3,Fashion,0
49,Male,22,414,3,Home,0
47,Male,12,492,0,Fashion,1
18,Female,4,368,2,Fashion,0
21,Female,14,231,5,Electronics,0
34,Male,16,135,1,Home,0
56,Male,18,156,1,Beauty,0
19,Female,2,448,2,Home,0
47,Female,14,544,4,Fashion,1
41,Male,14,589,3,Fashion,1
54,Male,2,116,0,Books,0
21,Female,10,326,2,Home,0
48,Female,3,369,1,Fashion,0
56,Female,9,65,5,Electronics,0
29,Female,23,71,0,Home,0
24,Male,29,293,3,Beauty,0
33,Female,28,588,0,Electronics,1
38,Male,11,269,4,Books,0
57,Male,12,246,1,Home,0
43,Female,23,387,4,Books,0
60,Female,26,545,5,Beauty,1
40,Male,16,452,1,Home,0
55,Male,16,238,1,Electronics,0
65,Male,24,380,0,Home,0
58,Female,17,502,2,Beauty,1
62,Male,11,485,3,Fashion,1
33,Male,10,507,0,Books,1
62,Female,21,177,3,Beauty,0
38,Male,2,376,1,Home,0
22,Female,13,539,3,Beauty,1
31,Female,23,462,1,Beauty,1
48,Male,10,372,0,Electronics,0
38,Male,10,581,0,Home,1
28,Male,30,502,4,Home,1
35,Male,30,463,3,Fashion,1
31,Male,2,314,4,Fashion,0
26,Female,22,371,2,Electronics,0
23,Male,17,212,1,Electronics,0
18,Female,16,306,4,Beauty,0
39,Male,28,131,5,Books,0
22,Female,19,204,1,Books,0
49,Female,23,509,0,Electronics,1
55,Female,25,456,5,Books,1
47,Male,18,442,4,Books,1
62,Male,12,305,0,Electronics,0
52,Male,5,66,0,Beauty,0
26,Male,4,386,1,Beauty,0
54,Male,7,127,3,Fashion,0
18,Female,29,174,2,Fashion,0
48,Female,22,333,5,Electronics,0
31,Male,17,327,3,Fashion,0
25,Male,11,577,1,Beauty,1
40,Female,25,476,2,Electronics,1
53,Male,6,135,3,Home,0
54,Female,6,205,2,Beauty,0
61,Female,30,130,2,Beauty,0
31,Female,15,92,5,Home,0
34,Male,8,165,3,Electronics,0
30,Male,8,229,1,Fashion,0
42,Female,9,315,5,Books,0
44,Male,11,96,4,Fashion,0
22,Male,29,250,0,Electronics,0
33,Male,24,493,1,Home,1
21,Female,26,398,0,Electronics,0
41,Male,21,256,3,Home,0
55,Female,19,265,1,Electronics,0
19,Male,28,322,5,Electronics,0
29,Female,13,319,2,Home,0
34,Male,8,233,2,Home,0
62,Male,2,552,5,Beauty,1
19,Male,22,102,2,Electronics,0
23,Female,15,242,2,Fashion,0
47,Female,26,228,0,Fashion,0
28,Male,27,70,2,Fashion,0
40,Male,19,370,5,Books,0
59,Female,5,101,4,Electronics,0
51,Male,4,564,4,Electronics,1
32,Female,7,365,1,Home,0
43,Male,5,350,1,Home,0
38,Female,15,286,5,Books,0
55,Male,17,222,5,Fashion,0
22,Male,6,143,5,Electronics,0
33,Male,19,579,1,Home,1
41,Female,28,221,3,Books,0
35,Female,3,152,5,Books,0
43,Male,9,486,2,Books,1
34,Male,30,222,1,Beauty,0
35,Female,5,579,3,Books,1
31,Female,5,393,4,Electronics,0
19,Male,21,390,0,Home,0
23,Female,30,132,2,Beauty,0
26,Male,9,542,5,Beauty,1
34,Female,9,443,2,Books,0
44,Female,3,386,3,Home,0
63,Female,2,81,5,Electronics,0
29,Male,23,347,4,Fashion,0
58,Male,28,70,4,Home,0
63,Male,1,210,5,Beauty,0
53,Male,1,518,4,Fashion,1
42,Male,17,196,0,Electronics,0
60,Female,19,354,1,Beauty,0
24,Male,5,469,0,Books,0
64,Female,21,110,5,Beauty,0
57,Male,13,311,2,Home,0
39,Male,12,80,3,Beauty,0
21,Female,20,126,3,Electronics,0
64,Male,3,405,1,Beauty,0
28,Male,19,370,4,Books,0
35,Male,6,238,5,Fashion,0
25,Female,4,460,2,Fashion,0
30,Male,15,111,4,Home,0
56,Female,30,178,5,Beauty,0
55,Female,24,60,4,Books,0
48,Female,16,456,0,Home,0
46,Female,20,139,2,Fashion,0
32,Female,1,86,2,Books,0
37,Female,2,120,0,Electronics,0
28,Male,8,86,4,Books,0
42,Male,8,190,4,Fashion,0
29,Female,14,215,0,Beauty,0
42,Male,29,62,0,Beauty,0
41,Female,4,344,2,Fashion,0
48,Male,17,272,3,Fashion,0
55,Male,20,344,4,Beauty,0
54,Male,9,434,0,Electronics,0
32,Female,9,440,4,Beauty,0
62,Male,3,440,1,Home,0
46,Female,4,428,0,Electronics,0
58,Female,22,403,3,Beauty,0
47,Female,4,312,2,Books,0
45,Female,22,115,0,Books,0
55,Female,5,75,1,Fashion,0
18,Female,15,258,3,Fashion,0
60,Female,12,273,2,Electronics,0
49,Male,18,505,2,Beauty,1
38,Female,16,301,5,Beauty,0
43,Male,12,177,4,Fashion,0
25,Male,18,517,5,Electronics,1
24,Female,24,450,2,Beauty,1
61,Female,26,267,2,Electronics,0
35,Male,17,597,3,Fashion,1
59,Male,8,598,2,Electronics,1
53,Female,6,386,3,Fashion,0
61,Female,15,572,0,Beauty,1
46,Male,7,106,3,Home,0
41,Male,3,164,5,Beauty,0
37,Female,25,215,1,Books,0
55,Male,28,544,1,Electronics,1
41,Female,17,61,2,Electronics,0
29,Female,23,175,0,Electronics,0
41,Female,17,454,0,Home,0
44,Female,4,374,3,Books,0
47,Male,29,224,2,Books,0
50,Female,20,420,1,Beauty,0
46,Male,27,376,3,Home,0
55,Male,11,63,5,Electronics,0
52,Male,28,348,0,Books,0
60,Female,6,71,5,Fashion,0
35,Female,5,417,2,Books,0
22,Female,28,390,1,Fashion,0
57,Male,21,60,2,Beauty,0
23,Female,23,403,3,Electronics,0
19,Female,24,314,2,Fashion,0
65,Female,29,251,2,Electronics,0
52,Male,24,448,4,Beauty,1
61,Female,4,249,3,Fashion,0
22,Female,3,108,2,Beauty,0
26,Female,12,92,0,Electronics,0
34,Female,24,371,2,Home,0
37,Male,14,212,4,Electronics,0
24,Male,26,485,0,Fashion,1
39,Female,6,532,3,Home,1
53,Female,10,413,0,Fashion,0
55,Female,30,267,4,Books,0
26,Male,18,495,3,Fashion,1
57,Female,10,347,1,Home,0
45,Male,4,533,3,Home,1
50,Male,24,98,4,Beauty,0
59,Female,27,170,5,Fashion,0
45,Female,25,600,0,Electronics,1
33,Female,15,262,0,Fashion,0
31,Female,29,351,3,Beauty,0
29,Male,13,315,5,Home,0
32,Male,25,259,5,Fashion,0
64,Female,15,464,1,Beauty,1
42,Female,13,553,0,Beauty,1
62,Male,13,339,5,Electronics,0
33,Male,9,164,5,Books,0
31,Female,30,132,0,Books,0
51,Male,10,370,4,Beauty,0
29,Female,19,482,3,Books,1
32,Female,4,293,0,Home,0
61,Male,17,250,3,Electronics,0
32,Male,10,176,4,Books,0
57,Female,13,145,3,Fashion,0
22,Male,28,319,2,Home,0
47,Male,12,197,1,Electronics,0
49,Male,17,573,1,Books,1
28,Female,27,518,4,Books,1
47,Female,16,348,0,Electronics,0
33,Male,13,455,2,Electronics,0
40,Male,5,434,0,Beauty,0
46,Male,18,584,1,Electronics,1
47,Male,30,388,1,Fashion,0
24,Female,19,138,5,Electronics,0
31,Female,21,123,4,Electronics,0
57,Male,4,341,3,Electronics,0
27,Male,28,371,2,Home,0
22,Female,8,530,5,Home,1
47,Male,30,412,1,Fashion,0
27,Male,5,419,3,Beauty,0
54,Female,30,307,2,Beauty,0
35,Female,6,287,2,Home,0
45,Male,21,466,5,Books,1
43,Male,7,419,4,Fashion,0
34,Female,11,566,5,Electronics,1
49,Male,12,108,5,Home,0
39,Female,19,482,1,Fashion,1
20,Male,26,412,2,Electronics,0
63,Male,12,411,5,Beauty,0
64,Female,21,117,0,Fashion,0
63,Female,24,216,3,Books,0
35,Male,13,454,0,Books,0
51,Female,15,333,0,Beauty,0
28,Female,2,409,2,Home,0
55,Male,5,213,5,Fashion,0
33,Male,30,487,0,Fashion,1
18,Male,24,183,0,Electronics,0
55,Female,12,567,2,Books,1
34,Male,7,498,2,Beauty,1
52,Male,22,400,0,Fashion,0
53,Male,21,571,1,Beauty,1
18,Male,3,467,1,Fashion,0
52,Female,10,188,0,Home,0
40,Male,30,338,0,Home,0
55,Female,7,165,5,Beauty,0
64,Male,20,154,0,Beauty,0
55,Male,29,223,1,Home,0
21,Female,10,328,2,Beauty,0
49,Female,5,359,2,Beauty,0
37,Female,20,406,1,Electronics,0
51,Female,4,388,2,Electronics,0
23,Male,24,362,5,Electronics,0
28,Male,19,511,2,Fashion,1
42,Female,18,150,0,Home,0
44,Male,16,254,1,Home,0
22,Female,18,123,5,Fashion,0
54,Female,30,189,5,Books,0
21,Female,20,237,1,Home,0
42,Female,14,458,2,Home,1
37,Male,26,147,0,Books,0
32,Female,27,459,2,Books,1
57,Female,2,214,1,Books,0
33,Male,5,490,2,Books,1
22,Male,17,265,3,Beauty,0
18,Female,21,155,4,Home,0
24,Male,4,371,5,Beauty,0
43,Male,7,424,0,Home,0
25,Female,3,182,5,Fashion,0
22,Male,15,552,2,Books,1
33,Female,5,173,1,Beauty,0
36,Male,14,581,2,Fashion,1
31,Male,11,354,3,Electronics,0
30,Female,6,194,4,Home,0
52,Female,24,480,5,Books,1
31,Male,20,448,3,Fashion,1
41,Male,1,96,1,Books,0
24,Male,6,138,0,Home,0
50,Male,6,531,3,Books,1
48,Female,1,260,3,Books,0
21,Male,10,455,2,Home,0
47,Male,11,387,0,Fashion,0
50,Male,12,144,4,Home,0
22,Male,27,160,0,Home,0
46,Male,15,158,3,Electronics,0
25,Male,29,106,0,Beauty,0
59,Female,17,545,5,Home,1
52,Male,9,73,5,Electronics,0
58,Male,26,297,4,Home,0
21,Female,22,502,5,Home,1
61,Female,26,211,0,Fashion,0
29,Female,22,519,4,Home,1
62,Male,24,107,4,Fashion,0
59,Female,4,392,0,Beauty,0
33,Male,26,113,5,Electronics,0
25,Female,30,239,3,Home,0
65,Male,16,480,3,Home,1
55,Male,18,92,2,Home,0
58,Male,16,412,5,Fashion,0
32,Female,15,293,3,Books,0
33,Male,12,554,1,Books,1
18,Male,26,171,0,Books,0
40,Female,4,275,4,Books,0
20,Female,24,477,3,Fashion,1
44,Male,13,240,3,Beauty,0
32,Male,4,416,3,Beauty,0
60,Female,4,258,4,Electronics,0
61,Female,13,408,3,Fashion,0
25,Male,26,401,0,Beauty,0
65,Male,3,494,5,Books,1
42,Female,24,431,1,Books,0
61,Female,23,185,0,Fashion,0
45,Male,19,566,4,Electronics,1
51,Female,5,170,5,Books,0
42,Male,4,189,4,Home,0
49,Male,27,290,2,Fashion,0
37,Female,17,200,3,Books,0
23,Male,21,80,4,Home,0
44,Female,24,347,2,Beauty,0
23,Female,19,384,4,Books,0
61,Male,4,333,2,Home,0
56,Male,18,181,3,Books,0
35,Female,21,208,3,Home,0
61,Male,15,483,2,Beauty,1
23,Female,4,536,5,Fashion,1
32,Female,24,186,0,Home,0
43,Male,26,274,5,Books,0
52,Female,22,293,1,Electronics,0
65,Female,24,260,5,Electronics,0
35,Female,8,172,2,Electronics,0
37,Female,28,373,1,Fashion,0
30,Female,13,126,0,Fashion,0
39,Male,23,125,4,Fashion,0
62,Male,21,91,0,Electronics,0
24,Female,17,407,0,Electronics,0
28,Female,10,82,4,Home,0
31,Female,17,70,1,Beauty,0
54,Male,25,401,5,Books,0
48,Male,16,339,2,Home,0
52,Female,25,569,4,Home,1
36,Male,30,595,5,Electronics,1
59,Male,5,149,3,Fashion,0
35,Male,26,458,0,Beauty,1
49,Female,3,334,5,Fashion,0
25,Male,10,237,2,Books,0
61,Male,24,347,1,Fashion,0
19,Male,6,62,2,Electronics,0
46,Male,13,547,5,Fashion,1
48,Male,11,352,2,Beauty,0
39,Female,17,339,3,Home,0
52,Female,28,126,5,Books,0
55,Male,11,374,2,Home,0
62,Female,23,75,1,Electronics,0
57,Female,22,113,0,Home,0
21,Male,8,170,1,Electronics,0
40,Female,17,504,5,Electronics,1
56,Female,10,310,3,Beauty,0
52,Male,4,211,0,Home,0
25,Female,13,69,0,Beauty,0
20,Male,13,315,2,Electronics,0
44,Male,25,153,5,Beauty,0
54,Female,13,401,1,Electronics,0
63,Female,17,428,3,Books,0
47,Male,9,265,1,Books,0
57,Female,1,424,1,Fashion,0
35,Female,6,487,5,Books,1
27,Male,16,269,3,Books,0
61,Female,20,265,5,Electronics,0
39,Male,8,181,5,Books,0
36,Male,23,127,0,Electronics,0
21,Female,13,524,1,Beauty,1
26,Male,24,444,5,Fashion,1
43,Male,7,126,0,Home,0
22,Male,15,250,3,Electronics,0
23,Female,23,187,1,Beauty,0
41,Female,4,80,1,Electronics,0
53,Male,13,269,5,Electronics,0
30,Male,5,450,2,Beauty,0
22,Male,12,187,0,Beauty,0
58,Female,26,348,2,Electronics,0
59,Female,5,234,1,Home,0
62,Female,14,256,1,Books,0
57,Female,30,463,4,Books,1
44,Male,18,210,0,Books,0
24,Male,3,600,3,Home,1
20,Male,6,142,5,Electronics,0
29,Male,10,245,4,Home,0
41,Female,25,88,4,Fashion,0
55,Male,25,177,2,Beauty,0
48,Male,2,172,0,Beauty,0
41,Male,23,505,1,Beauty,1
37,Male,1,468,1,Beauty,0
25,Female,17,129,1,Home,0
29,Female,13,538,5,Fashion,1
18,Female,23,303,3,Books,0
31,Female,21,362,5,Home,0
45,Female,5,599,1,Books,1
44,Female,30,205,0,Fashion,0
56,Female,22,346,3,Electronics,0
46,Male,20,125,3,Beauty,0
45,Male,24,466,5,Beauty,1
65,Male,20,178,0,Books,0
20,Male,2,112,4,Fashion,0
39,Female,21,210,3,Home,0
41,Male,9,490,3,Books,1
60,Female,7,280,3,Books,0
48,Male,5,469,2,Home,0
52,Male,10,208,5,Home,0
48,Male,25,257,5,Electronics,0
18,Male,2,127,0,Books,0
36,Male,1,448,0,Beauty,0
41,Male,18,83,1,Books,0
29,Female,25,69,4,Books,0
42,Male,16,393,3,Beauty,0
34,Female,21,456,3,Beauty,1
28,Female,10,97,1,Fashion,0
31,Male,26,386,3,Fashion,0
22,Female,21,197,4,Beauty,0
47,Female,13,406,0,Books,0
53,Male,27,467,1,Beauty,1
41,Female,16,457,3,Beauty,1
51,Male,10,285,0,Electronics,0
50,Female,8,501,0,Home,1
65,Male,25,123,4,Home,0
28,Male,10,586,3,Electronics,1
33,Male,21,132,5,Electronics,0
19,Female,22,142,3,Books,0
63,Female,3,463,4,Fashion,0
34,Male,11,256,1,Beauty,0
51,Female,17,372,5,Fashion,0
56,Female,12,298,1,Electronics,0
60,Female,27,142,3,Beauty,0
29,Male,2,118,2,Books,0
31,Female,11,221,1,Beauty,0
64,Female,29,124,5,Fashion,0
60,Female,22,205,2,Home,0
49,Male,16,487,0,Beauty,1
29,Male,8,334,3,Electronics,0
63,Female,30,331,2,Electronics,0
29,Female,16,74,1,Electronics,0
33,Male,16,236,1,Books,0
57,Male,25,441,5,Home,1
42,Female,20,149,5,Home,0
55,Male,14,490,2,Home,1
26,Male,8,461,4,Home,1
36,Male,26,167,0,Electronics,0
37,Female,22,408,4,Fashion,0
46,Female,20,73,5,Electronics,0
49,Female,3,177,3,Home,0
65,Female,21,472,1,Beauty,1
59,Male,17,452,5,Beauty,1
38,Female,21,361,4,Beauty,0
24,Female,10,559,5,Beauty,1
45,Female,8,153,4,Fashion,0
54,Male,2,138,2,Electronics,0
57,Female,22,355,1,Books,0
22,Male,21,277,5,Beauty,0
19,Male,11,393,0,Books,0
46,Male,26,269,2,Beauty,0
53,Male,11,334,5,Home,0
59,Male,25,112,2,Electronics,0
18,Female,13,380,1,Books,0
44,Male,29,189,2,Beauty,0
26,Female,25,310,2,Books,0
58,Male,16,316,0,Fashion,0
28,Male,11,252,2,Books,0
43,Male,28,413,3,Fashion,0
43,Female,14,229,5,Electronics,0
59,Female,16,378,2,Beauty,0
23,Female,23,456,2,Electronics,1
45,Female,3,137,0,Fashion,0
59,Male,23,124,1,Home,0
61,Female,12,103,2,Beauty,0
46,Female,15,503,3,Books,1
62,Female,1,256,4,Home,0
26,Female,13,341,3,Home,0
41,Male,30,555,2,Home,1
64,Female,3,118,5,Home,0
38,Female,6,262,1,Books,0
58,Female,4,158,2,Fashion,0
29,Male,13,525,1,Home,1
49,Female,12,496,0,Electronics,1
44,Male,19,283,2,Electronics,0
63,Male,11,505,5,Fashion,1
63,Female,6,540,5,Books,1
43,Female,23,431,3,Home,0
40,Female,15,478,3,Electronics,1
36,Male,2,467,5,Electronics,1
21,Female,17,192,4,Books,0
27,Female,26,545,1,Fashion,1
59,Female,4,449,5,Books,0
19,Female,14,516,5,Fashion,1
18,Female,27,582,5,Home,1
61,Female,13,394,1,Fashion,0
49,Female,29,179,1,Beauty,0
22,Male,17,463,3,Home,1
55,Male,6,147,1,Books,0
27,Male,30,202,3,Beauty,0
33,Female,10,517,2,Beauty,1
64,Female,14,569,2,Books,1
59,Male,11,136,5,Books,0
58,Male,30,386,5,Electronics,0
27,Female,13,175,0,Home,0
57,Female,20,543,1,Beauty,1
20,Male,21,214,2,Beauty,0
56,Male,3,75,4,Home,0
55,Male,28,374,0,Home,0
56,Male,27,165,5,Fashion,0
41,Female,26,439,2,Fashion,1
48,Female,16,515,2,Fashion,1
27,Female,1,174,3,Beauty,0
29,Female,25,79,0,Electronics,0
19,Male,29,216,2,Fashion,0
35,Female,16,107,1,Beauty,0
27,Female,1,155,5,Fashion,0
33,Male,8,465,5,Electronics,1
52,Female,21,195,0,Beauty,0
21,Male,29,188,1,Electronics,0
40,Male,5,533,1,Beauty,1
22,Male,17,88,3,Books,0
46,Male,4,164,1,Beauty,0
29,Female,24,88,3,Electronics,0
33,Female,9,359,4,Books,0
58,Male,4,590,2,Books,1
28,Female,30,580,2,Books,1
43,Female,30,354,2,Fashion,0
43,Female,6,495,3,Home,1
34,Male,6,110,5,Books,0
48,Female,16,337,2,Fashion,0
22,Male,4,527,2,Books,1
26,Male,20,349,3,Fashion,0
59,Female,6,79,5,Electronics,0
65,Male,27,245,0,Fashion,0
27,Female,26,386,4,Home,0
60,Female,10,436,1,Fashion,0
50,Male,3,95,2,Beauty,0
32,Male,25,443,4,Home,1
53,Male,16,120,3,Fashion,0
34,Male,27,295,5,Electronics,0
41,Female,10,179,3,Beauty,0
59,Female,29,144,1,Fashion,0
21,Female,12,85,3,Fashion,0
50,Male,1,573,1,Home,1
63,Female,28,281,5,Home,0
24,Male,6,285,0,Books,0
20,Male,29,199,4,Books,0
39,Male,9,245,1,Electronics,0
42,Male,25,187,5,Electronics,0
43,Male,7,135,3,Home,0
58,Female,19,351,4,Beauty,0
19,Male,5,456,4,Fashion,0
31,Female,16,307,1,Fashion,0
65,Female,18,93,2,Books,0
44,Female,16,519,0,Beauty,1
63,Female,25,552,3,Electronics,1
23,Male,16,575,2,Books,1
21,Male,4,541,1,Home,1
58,Male,18,85,0,Beauty,0
61,Male,17,379,3,Books,0
43,Male,23,80,2,Books,0
56,Female,3,223,0,Home,0
45,Male,20,525,3,Fashion,1
27,Female,25,503,3,Home,1
29,Male,18,125,3,Electronics,0
64,Female,28,93,5,Beauty,0
24,Male,18,497,0,Electronics,1
44,Male,16,135,3,Electronics,0
56,Male,14,144,5,Home,0
39,Female,10,578,2,Electronics,1
26,Female,3,597,3,Home,1
38,Male,20,253,0,Electronics,0
59,Male,26,563,4,Home,1
21,Male,13,208,1,Fashion,0
38,Male,17,382,5,Books,0
20,Male,5,383,0,Beauty,0
51,Male,21,532,5,Beauty,1
46,Female,12,404,5,Home,0
23,Female,29,65,5,Home,0
55,Male,8,179,2,Beauty,0
63,Female,2,387,0,Fashion,0
56,Female,20,86,4,Home,0
63,Male,3,287,1,Books,0
40,Female,12,397,5,Fashion,0
59,Female,15,210,2,Home,0
31,Male,24,124,4,Books,0
42,Female,9,354,0,Beauty,0
65,Female,5,87,1,Books,0
23,Female,9,151,5,Home,0
27,Female,29,349,3,Beauty,0
63,Male,28,427,2,Books,0
18,Male,5,437,3,Electronics,0
52,Female,30,586,2,Fashion,1
25,Female,1,332,2,Beauty,0
25,Female,13,265,3,Home,0
49,Female,29,256,3,Books,0
18,Male,1,304,0,Beauty,0
20,Female,14,405,2,Fashion,0
43,Male,14,431,3,Electronics,0
30,Female,8,527,1,Books,1
20,Female,23,150,3,Fashion,0
28,Female,3,447,0,Electronics,0
39,Male,16,265,0,Home,0
29,Male,15,563,1,Books,1
18,Male,4,159,0,Home,0
47,Male,25,216,0,Electronics,0
29,Male,18,90,3,Home,0
54,Female,17,255,2,Fashion,0
25,Female,15,486,1,Home,1
44,Female,30,228,5,Books,0
48,Female,3,335,5,Books,0
53,Female,26,533,3,Home,1
22,Male,14,292,4,Books,0
28,Male,22,222,3,Home,0
39,Male,1,394,2,Books,0
62,Female,11,128,2,Fashion,0
57,Male,27,130,3,Electronics,0
45,Female,16,107,4,Fashion,0
50,Male,9,329,4,Books,0
33,Male,26,563,1,Fashion,1
25,Male,26,149,3,Fashion,0
34,Male,12,134,2,Electronics,0
20,Female,5,398,1,Fashion,0
31,Female,24,300,2,Books,0
35,Female,24,550,0,Fashion,1
50,Male,1,600,0,Home,1
21,Female,16,597,1,Fashion,1
23,Male,12,93,5,Electronics,0
47,Female,5,102,4,Home,0
50,Male,20,448,1,Electronics,0
36,Female,16,135,5,Books,0
33,Female,18,445,1,Electronics,0
30,Male,21,532,1,Electronics,1
41,Female,19,120,4,Electronics,0
39,Male,24,233,0,Home,0
64,Female,1,226,3,Electronics,0
37,Male,7,262,0,Home,0
29,Female,28,245,5,Fashion,0
60,Female,24,78,0,Electronics,0
38,Male,16,67,2,Beauty,0
52,Female,17,334,1,Electronics,0
40,Female,20,384,4,Fashion,0
34,Female,20,501,0,Beauty,1
36,Female,6,154,2,Home,0
32,Male,13,250,5,Beauty,0
39,Male,11,521,1,Electronics,1
63,Female,19,294,3,Electronics,0
57,Male,3,149,3,Electronics,0
27,Male,5,463,3,Beauty,0
19,Female,21,225,0,Electronics,0
57,Male,16,159,1,Beauty,0
51,Female,12,88,2,Home,0
57,Female,25,317,5,Books,0
64,Female,3,472,5,Fashion,1
37,Female,10,397,3,Beauty,0
19,Male,27,124,3,Books,0
65,Female,23,353,5,Beauty,0
26,Male,22,177,3,Books,0
32,Male,15,133,4,Electronics,0
24,Male,25,221,1,Fashion,0
56,Male,5,157,1,Beauty,0
33,Female,7,474,2,Books,1
48,Male,6,251,4,Books,0
32,Male,26,549,3,Beauty,1
20,Female,22,581,3,Books,1
58,Male,19,306,5,Beauty,0
47,Female,24,224,4,Electronics,0
22,Male,12,237,1,Electronics,0
46,Female,20,367,5,Books,0
49,Female,14,82,2,Electronics,0
48,Male,12,241,5,Electronics,0
42,Female,12,428,2,Beauty,0
21,Female,4,436,1,Beauty,0
59,Male,15,265,4,Fashion,0
40,Female,26,188,2,Electronics,0
45,Male,20,556,0,Fashion,1
60,Male,11,238,5,Home,0
46,Male,15,536,3,Fashion,1
40,Female,27,380,3,Books,0
60,Male,6,548,5,Beauty,1
36,Male,6,313,1,Fashion,0
54,Male,22,216,1,Beauty,0
48,Male,24,321,3,Beauty,0
52,Female,16,113,0,Fashion,0
18,Female,6,344,0,Beauty,0
19,Male,23,224,5,Electronics,0
35,Male,3,299,5,Electronics,0
61,Female,16,100,1,Beauty,0
56,Female,9,459,3,Beauty,0
63,Female,17,123,2,Fashion,0
42,Female,9,330,3,Books,0
27,Male,11,411,3,Books,0
52,Female,7,350,1,Beauty,0
39,Female,14,525,4,Home,1
28,Female,12,417,4,Home,0
23,Male,21,431,0,Books,0
45,Male,9,369,5,Fashion,0
35,Male,9,90,5,Fashion,0
58,Male,1,143,0,Electronics,0
28,Female,16,210,5,Books,0
58,Male,28,344,3,Electronics,0
47,Male,1,227,5,Books,0
45,Male,10,345,3,Electronics,0
55,Female,19,446,3,Beauty,1
32,Male,9,552,4,Beauty,1
50,Female,11,257,5,Home,0
43,Male,27,249,0,Beauty,0
46,Male,7,564,1,Home,1
60,Female,30,452,3,Home,1
35,Male,17,414,0,Electronics,0
55,Male,1,438,4,Fashion,0
55,Female,8,352,1,Home,0
64,Female,3,236,4,Home,0
61,Male,25,335,5,Electronics,0
49,Male,13,195,2,Fashion,0
65,Male,29,507,0,Electronics,1
58,Female,24,158,5,Books,0
21,Female,27,372,5,Beauty,0
45,Female,29,60,0,Fashion,0
64,Female,15,85,4,Fashion,0
39,Male,25,212,4,Books,0
34,Female,6,384,4,Books,0
56,Male,17,516,4,Beauty,1
34,Female,23,561,1,Books,1
60,Male,16,237,5,Fashion,0
59,Female,12,208,5,Electronics,0
20,Female,9,268,2,Fashion,0
28,Female,16,450,1,Books,0
26,Female,5,442,1,Fashion,0
38,Female,15,490,5,Books,1
55,Male,20,307,4,Home,0
46,Male,19,474,1,Beauty,1
50,Male,23,363,4,Electronics,0
26,Male,3,393,5,Electronics,0
27,Male,27,161,1,Fashion,0
51,Male,18,218,3,Beauty,0
64,Female,5,296,0,Books,0
61,Male,25,433,1,Beauty,0
43,Female,15,284,1,Books,0
40,Female,21,569,1,Electronics,1
61,Female,10,383,5,Home,0
36,Female,30,546,0,Home,1
60,Female,15,270,0,Home,0
24,Female,1,299,0,Electronics,0
44,Female,6,521,4,Home,1
47,Female,23,504,5,Beauty,1
27,Male,22,109,1,Home,0
53,Male,27,180,5,Electronics,0
57,Female,12,141,3,Fashion,0
25,Female,26,78,0,Home,0
39,Male,4,550,1,Books,1
64,Male,17,340,2,Books,0
56,Male,27,433,0,Home,0
37,Female,2,331,5,Home,0
31,Male,24,93,5,Beauty,0
62,Female,26,291,0,Books,0
36,Female,24,498,2,Books,1
44,Male,16,509,1,Electronics,1
61,Male,28,240,2,Home,0
48,Female,4,351,2,Electronics,0
27,Female,20,198,5,Fashion,0
18,Female,27,577,0,Beauty,1
35,Female,14,234,0,Electronics,0
57,Male,30,442,0,Electronics,1
25,Male,22,578,0,Home,1
40,Female,14,181,1,Electronics,0
44,Male,6,109,0,Electronics,0
62,Female,24,161,2,Beauty,0
21,Male,14,349,1,Home,0
57,Female,7,292,4,Electronics,0
64,Female,18,184,3,Books,0
61,Male,13,597,2,Beauty,1
64,Female,26,377,4,Beauty,0
56,Female,9,426,1,Fashion,0
57,Male,4,398,1,Books,0
39,Female,24,276,5,Home,0
18,Male,23,469,2,Beauty,1
27,Female,27,184,4,Books,0
41,Female,4,159,1,Home,0
46,Male,8,335,2,Beauty,0
57,Male,24,319,1,Beauty,0
33,Male,12,554,1,Fashion,1
61,Male,5,105,2,Home,0
55,Female,21,250,1,Electronics,0
45,Female,29,400,4,Beauty,0
63,Male,9,133,4,Books,0
40,Female,9,579,5,Books,1
37,Male,12,76,0,Home,0
42,Female,19,327,1,Beauty,0
33,Male,10,495,4,Electronics,1
20,Female,8,567,4,Home,1
63,Male,23,342,1,Electronics,0
26,Male,23,113,5,Beauty,0
59,Female,25,164,1,Electronics,0
19,Female,10,358,5,Electronics,0
38,Male,29,105,2,Beauty,0
47,Female,11,209,0,Beauty,0
29,Male,26,286,3,Fashion,0
52,Female,23,212,4,Books,0
36,Female,6,142,3,Home,0
47,Female,15,177,5,Beauty,0
49,Male,5,440,4,Books,0
24,Male,9,70,0,Electronics,0
62,Male,23,468,3,Fashion,1
57,Male,30,541,4,Beauty,1
63,Female,30,122,3,Electronics,0
40,Female,12,70,1,Fashion,0
46,Female,6,549,3,Fashion,1
27,Male,27,346,2,Fashion,0
47,Male,23,316,2,Electronics,0
51,Female,11,507,5,Books,1
55,Male,11,212,3,Beauty,0
61,Female,27,270,0,Home,0
41,Female,8,353,3,Books,0
62,Male,1,264,3,Fashion,0
54,Female,23,66,5,Electronics,0
47,Male,15,465,4,Electronics,1
22,Male,15,287,2,Beauty,0
49,Male,11,98,0,Fashion,0
58,Female,2,170,3,Beauty,0
60,Male,15,577,3,Books,1
45,Female,24,88,3,Beauty,0
33,Female,6,466,1,Books,0
41,Female,11,152,1,Books,0
21,Female,8,76,4,Home,0
22,Female,16,130,1,Home,0
23,Male,26,488,2,Electronics,1
50,Female,27,434,1,Beauty,0
18,Female,8,457,5,Home,1
61,Female,30,592,4,Home,1
30,Male,27,185,0,Fashion,0
39,Male,28,353,0,Electronics,0
54,Female,30,340,3,Fashion,0
19,Female,28,555,2,Home,1
63,Female,8,282,4,Books,0
46,Female,4,240,4,Books,0
43,Male,8,353,2,Electronics,0
45,Male,15,280,2,Electronics,0
56,Female,18,455,5,Beauty,1
22,Male,15,524,1,Home,1
38,Male,24,408,0,Beauty,0
39,Female,17,399,4,Home,0
35,Male,30,60,5,Electronics,0
50,Female,25,394,4,Home,0
32,Male,29,538,2,Fashion,1
45,Male,30,84,2,Fashion,0
52,Female,26,567,4,Electronics,1
30,Female,19,75,1,Beauty,0
41,Female,10,570,4,Fashion,1
60,Male,30,219,4,Home,0
32,Male,12,518,5,Fashion,1
57,Female,13,464,1,Fashion,0
52,Female,10,100,0,Electronics,0
40,Male,7,479,0,Fashion,0
41,Male,18,332,5,Electronics,0
64,Female,18,202,4,Home,0
25,Male,12,200,1,Beauty,0
21,Female,22,133,3,Home,0
55,Female,4,559,1,Electronics,1
49,Male,26,183,1,Beauty,0
53,Male,16,440,2,Beauty,0
58,Female,11,341,5,Home,0
50,Male,2,589,0,Books,1
23,Female,24,518,3,Home,1
41,Male,2,473,3,Books,0
20,Female,7,158,5,Fashion,0
59,Male,16,329,0,Beauty,0
36,Female,11,524,4,Electronics,1
25,Male,16,213,1,Books,0
61,Female,27,83,3,Electronics,0
62,Female,8,535,5,Fashion,1
51,Male,10,254,1,Beauty,0
35,Female,6,128,4,Fashion,0
26,Female,26,444,0,Home,0
25,Male,10,330,0,Books,0
26,Male,14,564,5,Electronics,1
59,Male,22,249,0,Home,0
18,Female,20,153,0,Books,0
52,Female,26,468,4,Fashion,1
51,Female,28,371,2,Beauty,0
18,Male,12,63,5,Beauty,0
53,Male,16,244,1,Electronics,0
36,Female,4,520,2,Home,1
42,Female,11,286,1,Fashion,0
28,Female,28,491,4,Beauty,1
26,Male,23,425,4,Books,1
27,Female,6,510,5,Beauty,1
37,Female,17,173,4,Home,0
22,Female,3,162,2,Books,0
41,Female,2,320,2,Home,0
31,Male,25,424,1,Fashion,0
21,Male,20,543,2,Beauty,1
42,Male,9,396,3,Beauty,0
47,Male,9,297,4,Electronics,0
46,Female,15,176,1,Electronics,0
53,Female,13,505,3,Electronics,1
53,Female,26,584,1,Beauty,1
51,Female,3,181,5,Home,0
27,Female,8,402,5,Electronics,0
59,Female,10,419,3,Beauty,0
52,Female,5,185,5,Fashion,0
48,Female,19,444,3,Fashion,1
32,Male,19,116,1,Fashion,0
30,Male,4,382,1,Electronics,0
62,Male,21,565,1,Electronics,1
30,Female,15,479,2,Books,1
58,Female,7,218,3,Books,0
62,Male,7,154,2,Home,0
28,Female,24,120,2,Electronics,0
60,Female,2,413,3,Fashion,0
19,Female,2,77,2,Beauty,0
55,Male,7,130,1,Home,0
48,Male,28,266,5,Books,0
63,Female,20,495,5,Books,1
45,Male,3,96,4,Electronics,0
32,Male,20,458,1,Beauty,1
36,Male,7,223,3,Home,0
55,Male,6,281,5,Beauty,0
35,Male,26,78,0,Electronics,0
28,Female,16,505,3,Beauty,1
49,Male,9,546,0,Fashion,1
20,Male,14,325,1,Beauty,0
63,Female,4,433,1,Books,0
33,Male,20,429,3,Beauty,0
29,Female,12,439,2,Home,0
23,Male,2,229,2,Home,0
39,Male,18,100,4,Books,0
47,Male,2,307,5,Fashion,0
43,Male,4,576,3,Fashion,1
56,Male,18,359,5,Home,0
40,Female,10,404,3,Electronics,0
39,Female,6,317,4,Beauty,0
32,Female,11,280,3,Beauty,0
24,Male,20,434,0,Books,0
20,Male,8,184,3,Books,0
62,Male,8,296,5,Home,0
30,Male,27,173,3,Home,0
37,Female,27,355,3,Books,0
34,Male,23,400,5,Electronics,0
33,Male,19,415,3,Home,0
52,Male,15,229,4,Beauty,0
46,Female,16,306,1,Fashion,0
51,Female,27,77,3,Fashion,0
49,Female,9,570,1,Beauty,1
25,Female,19,398,1,Fashion,0
46,Male,25,166,5,Books,0
65,Male,13,398,4,Home,0
37,Female,11,402,5,Fashion,0
64,Female,24,117,5,Fashion,0
55,Male,7,260,4,Electronics,0
27,Female,8,150,2,Home,0
22,Female,9,255,5,Fashion,0
32,Male,3,343,3,Home,0
20,Male,18,396,2,Home,0
30,Male,28,368,0,Fashion,0
30,Male,22,483,1,Electronics,1
24,Female,9,206,1,Electronics,0
48,Female,1,318,2,Fashion,0
58,Female,6,142,0,Books,0
22,Female,14,597,5,Fashion,1
62,Female,30,412,0,Electronics,0
22,Male,30,382,2,Beauty,0
61,Male,21,386,5,Books,0
35,Male,13,429,3,Electronics,0
43,Male,24,468,5,Books,1
19,Male,24,559,1,Home,1
56,Female,9,407,5,Electronics,0
18,Female,18,428,1,Home,0
38,Female,29,495,2,Home,1
23,Male,5,596,0,Home,1
42,Male,17,561,1,Home,1
36,Female,14,556,3,Fashion,1
63,Female,18,291,1,Electronics,0
63,Male,23,433,5,Books,1
54,Male,4,414,5,Books,0
52,Male,12,259,0,Fashion,0
20,Female,19,569,3,Home,1
37,Male,20,371,1,Beauty,0
56,Male,2,297,5,Electronics,0
56,Female,10,562,5,Beauty,1
41,Female,26,241,2,Electronics,0
60,Male,23,196,2,Beauty,0
32,Female,22,344,4,Electronics,0
52,Female,3,482,4,Beauty,1
20,Female,15,470,5,Electronics,1
20,Male,13,542,2,Books,1
41,Female,6,186,4,Beauty,0
43,Female,18,539,5,Fashion,1
42,Male,1,577,2,Home,1
38,Female,4,491,4,Books,1
42,Male,22,519,2,Home,1
30,Male,18,423,2,Home,0
59,Female,19,143,3,Beauty,0
26,Female,27,466,1,Books,1
40,Female,4,68,4,Electronics,0
61,Male,21,126,2,Books,0
64,Male,4,516,1,Books,1
41,Male,2,326,5,Home,0
35,Female,25,204,1,Home,0
40,Female,12,578,5,Books,1
30,Male,12,445,0,Beauty,0
25,Female,1,229,3,Electronics,0
53,Female,29,395,2,Beauty,0
24,Male,13,338,3,Home,0
52,Male,11,237,3,Home,0
30,Female,17,500,0,Fashion,1
47,Female,2,547,1,Fashion,1
44,Female,23,216,3,Fashion,0
22,Male,12,331,0,Electronics,0
31,Male,27,579,4,Fashion,1
29,Male,19,359,2,Home,0
23,Male,2,499,3,Electronics,1
42,Male,9,388,5,Fashion,0
20,Female,22,154,0,Electronics,0
43,Male,27,197,2,Fashion,0
38,Female,17,470,4,Beauty,1
61,Male,6,502,0,Home,1
65,Male,5,265,5,Books,0
34,Male,10,227,5,Home,0
57,Female,15,69,0,Fashion,0
23,Female,29,547,3,Books,1
35,Female,16,460,2,Electronics,1
21,Female,2,431,1,Beauty,0
57,Male,25,246,1,Books,0
26,Female,7,493,3,Fashion,1
24,Male,24,453,5,Beauty,1
63,Female,29,83,3,Home,0
54,Female,24,564,0,Electronics,1
52,Male,1,187,0,Electronics,0
22,Male,2,258,0,Beauty,0
57,Female,6,407,5,Home,0
62,Female,22,162,5,Fashion,0
46,Male,25,139,2,Beauty,0
63,Female,27,123,5,Books,0
64,Male,26,96,3,Fashion,0
49,Male,7,112,3,Electronics,0
43,Female,10,425,2,Fashion,0
52,Male,26,159,2,Books,0
39,Female,4,369,3,Beauty,0
24,Female,4,415,3,Books,0
38,Male,4,231,2,Beauty,0
38,Female,15,280,5,Electronics,0
34,Female,29,508,2,Beauty,1
56,Female,3,527,1,Electronics,1
26,Male,18,588,5,Beauty,1
45,Male,5,253,2,Beauty,0
65,Female,22,313,1,Home,0
19,Male,7,501,0,Beauty,1
49,Male,21,428,3,Electronics,0
48,Male,24,599,0,Books,1
29,Female,13,140,3,Books,0
51,Male,19,351,2,Home,0
59,Female,8,513,1,Beauty,1
30,Male,19,454,0,Books,0
59,Female,23,528,2,Home,1
63,Female,9,580,4,Beauty,1
40,Male,24,436,2,Home,0
20,Male,22,71,4,Books,0
41,Female,18,349,3,Fashion,0
28,Female,24,94,2,Electronics,0
22,Male,20,426,0,Home,0
54,Female,21,67,4,Beauty,0
48,Male,13,77,5,Fashion,0
53,Female,30,398,3,Fashion,0
53,Male,11,459,2,Fashion,0
53,Female,20,137,4,Home,0
36,Male,15,490,2,Fashion,1
18,Male,23,591,1,Fashion,1
58,Female,6,274,4,Books,0
61,Male,7,191,4,Books,0
41,Male,27,415,1,Home,0
43,Female,16,568,2,Books,1
54,Male,26,428,1,Home,0
27,Male,21,345,2,Beauty,0
25,Male,7,257,1,Beauty,0
43,Female,1,344,0,Fashion,0
29,Female,27,232,4,Home,0
42,Male,1,409,0,Fashion,0
38,Female,18,207,4,Electronics,0
41,Female,6,540,1,Electronics,1
56,Female,18,188,1,Beauty,0
29,Female,29,588,4,Fashion,1
28,Female,28,277,4,Electronics,0
26,Female,19,188,4,Fashion,0
26,Male,22,248,3,Beauty,0
24,Female,4,117,1,Electronics,0
59,Female,15,191,3,Beauty,0
38,Male,12,124,2,Home,0
65,Female,9,489,5,Home,1
33,Female,8,278,2,Fashion,0
63,Male,2,474,2,Fashion,0
31,Male,27,328,3,Books,0
59,Male,5,323,0,Fashion,0
19,Female,14,554,0,Electronics,1
40,Female,15,461,3,Beauty,1
32,Male,11,471,4,Electronics,1
21,Female,28,286,1,Electronics,0
40,Female,9,571,0,Beauty,1
36,Male,17,557,0,Fashion,1
28,Male,12,543,0,Fashion,1
51,Female,23,327,1,Books,0
23,Female,20,230,0,Beauty,0
40,Male,29,401,3,Home,0
49,Male,18,135,0,Books,0
46,Male,2,308,0,Electronics,0
65,Male,2,259,4,Books,0
20,Male,5,351,0,Books,0
47,Male,19,248,1,Fashion,0
37,Female,14,141,3,Home,0
20,Male,12,296,5,Beauty,0
19,Male,28,281,2,Fashion,0
26,Male,13,358,5,Beauty,0
58,Male,25,391,5,Electronics,0
35,Female,12,558,0,Beauty,1
37,Male,26,353,0,Beauty,0
26,Male,27,588,4,Home,1
53,Male,19,573,3,Fashion,1
35,Female,23,238,2,Fashion,0
54,Male,9,187,1,Beauty,0
55,Male,12,169,0,Electronics,0
39,Female,23,178,3,Home,0
40,Male,1,296,0,Fashion,0
45,Male,26,538,0,Electronics,1
20,Male,16,304,3,Electronics,0
26,Male,13,209,5,Books,0
58,Female,1,156,1,Home,0
20,Male,4,238,2,Beauty,0
46,Female,1,425,4,Beauty,0
53,Female,19,599,0,Books,1
25,Male,4,482,2,Electronics,1
29,Female,14,539,1,Electronics,1
